price_id,category,hcpcs_code,description,billing_unit,unit_price_usd,setting,price_basis,source_file,source_url,effective_period
cpt_19301_pfs_fac,surgery_professional,19301,"Partial mastectomy (lumpectomy) - surgeon fee, 90-day global",per procedure,632.61,physician_facility,PFS total RVU x CF (facility total RVU 18.94 x 33.4009),RVU26D / PPRRVU2026_Oct_nonQPP.csv,https://www.cms.gov/files/zip/rvu26d-updated-08-26-2026.zip,"2026-10-01 to 2026-12-31 (CY2026 PFS, October release)"
cpt_19303_pfs_fac,surgery_professional,19303,"Simple complete mastectomy - surgeon fee, 90-day global",per procedure,915.85,physician_facility,PFS total RVU x CF (facility total RVU 27.42 x 33.4009),RVU26D / PPRRVU2026_Oct_nonQPP.csv,https://www.cms.gov/files/zip/rvu26d-updated-08-26-2026.zip,"2026-10-01 to 2026-12-31 (CY2026 PFS, October release)"
cpt_19307_pfs_fac,surgery_professional,19307,"Modified radical mastectomy - surgeon fee, 90-day global",per procedure,1126.61,physician_facility,PFS total RVU x CF (facility total RVU 33.73 x 33.4009),RVU26D / PPRRVU2026_Oct_nonQPP.csv,https://www.cms.gov/files/zip/rvu26d-updated-08-26-2026.zip,"2026-10-01 to 2026-12-31 (CY2026 PFS, October release)"
cpt_38525_pfs_fac,surgery_professional,38525,"Biopsy/excision deep axillary lymph node(s) - surgeon fee, 90-day global",per procedure,430.54,physician_facility,PFS total RVU x CF (facility total RVU 12.89 x 33.4009),RVU26D / PPRRVU2026_Oct_nonQPP.csv,https://www.cms.gov/files/zip/rvu26d-updated-08-26-2026.zip,"2026-10-01 to 2026-12-31 (CY2026 PFS, October release)"
cpt_38900_pfs_fac,surgery_professional,38900,Intraoperative sentinel lymph node mapping (add-on) - surgeon fee,per procedure (add-on),122.92,physician_facility,PFS total RVU x CF (facility total RVU 3.68 x 33.4009),RVU26D / PPRRVU2026_Oct_nonQPP.csv,https://www.cms.gov/files/zip/rvu26d-updated-08-26-2026.zip,"2026-10-01 to 2026-12-31 (CY2026 PFS, October release)"
cpt_77412_pfs_nf,radiation,77412,Radiation treatment delivery level 3 (complex) - freestanding global,per fraction,443.56,physician_nonfacility,PFS total RVU x CF (non-facility total RVU 13.28 x 33.4009),RVU26D / PPRRVU2026_Oct_nonQPP.csv,https://www.cms.gov/files/zip/rvu26d-updated-08-26-2026.zip,"2026-10-01 to 2026-12-31 (CY2026 PFS, October release)"
cpt_77301_pfs_nf,radiation,77301,IMRT dose plan - freestanding global,per plan,1960.30,physician_nonfacility,PFS total RVU x CF (non-facility total RVU 58.69 x 33.4009),RVU26D / PPRRVU2026_Oct_nonQPP.csv,https://www.cms.gov/files/zip/rvu26d-updated-08-26-2026.zip,"2026-10-01 to 2026-12-31 (CY2026 PFS, October release)"
cpt_77263_pfs_nf,radiation,77263,"Therapeutic radiology treatment planning, complex",per plan,168.34,physician_nonfacility,PFS total RVU x CF (non-facility total RVU 5.04 x 33.4009),RVU26D / PPRRVU2026_Oct_nonQPP.csv,https://www.cms.gov/files/zip/rvu26d-updated-08-26-2026.zip,"2026-10-01 to 2026-12-31 (CY2026 PFS, October release)"
cpt_77427_pfs_nf,radiation,77427,Radiation treatment management,per 5 fractions,195.40,physician_nonfacility,PFS total RVU x CF (non-facility total RVU 5.85 x 33.4009),RVU26D / PPRRVU2026_Oct_nonQPP.csv,https://www.cms.gov/files/zip/rvu26d-updated-08-26-2026.zip,"2026-10-01 to 2026-12-31 (CY2026 PFS, October release)"
cpt_96413_pfs_nf,chemo_admin,96413,"Chemotherapy IV infusion, first hour",per first hour,133.27,physician_nonfacility,PFS total RVU x CF (non-facility total RVU 3.99 x 33.4009),RVU26D / PPRRVU2026_Oct_nonQPP.csv,https://www.cms.gov/files/zip/rvu26d-updated-08-26-2026.zip,"2026-10-01 to 2026-12-31 (CY2026 PFS, October release)"
cpt_96415_pfs_nf,chemo_admin,96415,"Chemotherapy IV infusion, each additional hour (add-on)",per additional hour,28.39,physician_nonfacility,PFS total RVU x CF (non-facility total RVU 0.85 x 33.4009),RVU26D / PPRRVU2026_Oct_nonQPP.csv,https://www.cms.gov/files/zip/rvu26d-updated-08-26-2026.zip,"2026-10-01 to 2026-12-31 (CY2026 PFS, October release)"
cpt_96409_pfs_nf,chemo_admin,96409,"Chemotherapy IV push, single/initial drug",per push,104.54,physician_nonfacility,PFS total RVU x CF (non-facility total RVU 3.13 x 33.4009),RVU26D / PPRRVU2026_Oct_nonQPP.csv,https://www.cms.gov/files/zip/rvu26d-updated-08-26-2026.zip,"2026-10-01 to 2026-12-31 (CY2026 PFS, October release)"
j9075_asp,drug_infusion,J9075,"Cyclophosphamide injection, NOS (J9070 deleted; successor code) [cyclophosphamide]",per 5 mg,0.692,part_b_outpatient,ASP payment limit (ASP+6%),October 2026 ASP Medicare Part B Payment Limit File (091626),https://www.cms.gov/files/zip/october-2026-medicare-part-b-payment-limit-files-final.zip,2026-10-01 to 2026-12-31
j9000_asp,drug_infusion,J9000,Doxorubicin HCl injection [doxorubicin],per 10 mg,3.120,part_b_outpatient,ASP payment limit (ASP+6%),October 2026 ASP Medicare Part B Payment Limit File (091626),https://www.cms.gov/files/zip/october-2026-medicare-part-b-payment-limit-files-final.zip,2026-10-01 to 2026-12-31
j9267_asp,drug_infusion,J9267,Paclitaxel injection [paclitaxel],per 1 mg,0.108,part_b_outpatient,ASP payment limit (ASP+6%),October 2026 ASP Medicare Part B Payment Limit File (091626),https://www.cms.gov/files/zip/october-2026-medicare-part-b-payment-limit-files-final.zip,2026-10-01 to 2026-12-31
j9171_asp,drug_infusion,J9171,Docetaxel injection [docetaxel],per 1 mg,0.471,part_b_outpatient,ASP payment limit (ASP+6%),October 2026 ASP Medicare Part B Payment Limit File (091626),https://www.cms.gov/files/zip/october-2026-medicare-part-b-payment-limit-files-final.zip,2026-10-01 to 2026-12-31
j9192_asp,drug_infusion,J9192,"Fluorouracil injection, 10 mg (replaces J9190 500 mg eff. Oct 2026) [fluorouracil]",per 10 mg,0.039,part_b_outpatient,ASP payment limit (ASP+6%),October 2026 ASP Medicare Part B Payment Limit File (091626),https://www.cms.gov/files/zip/october-2026-medicare-part-b-payment-limit-files-final.zip,2026-10-01 to 2026-12-31
j9355_asp,drug_infusion,J9355,"Trastuzumab injection, excludes biosimilar [trastuzumab]",per 10 mg,68.871,part_b_outpatient,ASP payment limit (ASP+6%),October 2026 ASP Medicare Part B Payment Limit File (091626),https://www.cms.gov/files/zip/october-2026-medicare-part-b-payment-limit-files-final.zip,2026-10-01 to 2026-12-31
j9045_asp,drug_infusion,J9045,Carboplatin injection [carboplatin],per 50 mg,3.101,part_b_outpatient,ASP payment limit (ASP+6%),October 2026 ASP Medicare Part B Payment Limit File (091626),https://www.cms.gov/files/zip/october-2026-medicare-part-b-payment-limit-files-final.zip,2026-10-01 to 2026-12-31
j9178_asp,drug_infusion,J9178,Epirubicin HCl injection [epirubicin],per 2 mg,1.868,part_b_outpatient,ASP payment limit (ASP+6%),October 2026 ASP Medicare Part B Payment Limit File (091626),https://www.cms.gov/files/zip/october-2026-medicare-part-b-payment-limit-files-final.zip,2026-10-01 to 2026-12-31
j9260_asp,drug_infusion,J9260,Methotrexate sodium injection [methotrexate],per 50 mg,2.909,part_b_outpatient,ASP payment limit (ASP+6%),October 2026 ASP Medicare Part B Payment Limit File (091626),https://www.cms.gov/files/zip/october-2026-medicare-part-b-payment-limit-files-final.zip,2026-10-01 to 2026-12-31
j9264_asp,drug_infusion,J9264,Paclitaxel protein-bound particles injection [nab_paclitaxel],per 1 mg,3.640,part_b_outpatient,ASP payment limit (ASP+6%),October 2026 ASP Medicare Part B Payment Limit File (091626),https://www.cms.gov/files/zip/october-2026-medicare-part-b-payment-limit-files-final.zip,2026-10-01 to 2026-12-31
j9035_asp,drug_infusion,J9035,Bevacizumab injection (reference product) [bevacizumab],per 10 mg,75.492,part_b_outpatient,ASP payment limit (ASP+6%),October 2026 ASP Medicare Part B Payment Limit File (091626),https://www.cms.gov/files/zip/october-2026-medicare-part-b-payment-limit-files-final.zip,2026-10-01 to 2026-12-31
j9306_asp,drug_infusion,J9306,Pertuzumab injection [pertuzumab],per 1 mg,17.269,part_b_outpatient,ASP payment limit (ASP+6%),October 2026 ASP Medicare Part B Payment Limit File (091626),https://www.cms.gov/files/zip/october-2026-medicare-part-b-payment-limit-files-final.zip,2026-10-01 to 2026-12-31
j9201_asp,drug_infusion,J9201,"Gemcitabine HCl injection, NOS [gemcitabine]",per 200 mg,2.734,part_b_outpatient,ASP payment limit (ASP+6%),October 2026 ASP Medicare Part B Payment Limit File (091626),https://www.cms.gov/files/zip/october-2026-medicare-part-b-payment-limit-files-final.zip,2026-10-01 to 2026-12-31
j3489_asp,drug_infusion,J3489,Zoledronic acid injection [zoledronic_acid],per 1 mg,17.673,part_b_outpatient,ASP payment limit (ASP+6%),October 2026 ASP Medicare Part B Payment Limit File (091626),https://www.cms.gov/files/zip/october-2026-medicare-part-b-payment-limit-files-final.zip,2026-10-01 to 2026-12-31
j9395_asp,drug_infusion,J9395,Fulvestrant injection [fulvestrant],per 25 mg,5.021,part_b_outpatient,ASP payment limit (ASP+6%),October 2026 ASP Medicare Part B Payment Limit File (091626),https://www.cms.gov/files/zip/october-2026-medicare-part-b-payment-limit-files-final.zip,2026-10-01 to 2026-12-31
j9217_asp,drug_infusion,J9217,Leuprolide acetate suspension (depot) [leuprolide],per 7.5 mg,188.849,part_b_outpatient,ASP payment limit (ASP+6%),October 2026 ASP Medicare Part B Payment Limit File (091626),https://www.cms.gov/files/zip/october-2026-medicare-part-b-payment-limit-files-final.zip,2026-10-01 to 2026-12-31
j2506_asp,drug_infusion,J2506,"Pegfilgrastim injection, excludes biosimilar [pegfilgrastim]",per 0.5 mg,201.241,part_b_outpatient,ASP payment limit (ASP+6%),October 2026 ASP Medicare Part B Payment Limit File (091626),https://www.cms.gov/files/zip/october-2026-medicare-part-b-payment-limit-files-final.zip,2026-10-01 to 2026-12-31
j8522_asp,drug_oral,J8522,"Capecitabine, oral (Part B oral anticancer) [capecitabine]",per 50 mg,0.029,part_b_outpatient,ASP payment limit (ASP+6%),October 2026 ASP Medicare Part B Payment Limit File (091626),https://www.cms.gov/files/zip/october-2026-medicare-part-b-payment-limit-files-final.zip,2026-10-01 to 2026-12-31
tamoxifen_20mg_nadac,drug_oral,,Tamoxifen 20 mg Tablet (generic; NADAC across 7 NDCs),per tablet,0.27682,pharmacy,NADAC per unit,NADAC 2026 (as_of_date 2026-09-23),https://download.medicaid.gov/data/nadac-national-average-drug-acquisition-cost-09-23-2026.csv,NADAC effective 2026-09-23 (as_of 2026-09-23)
anastrozole_1mg_nadac,drug_oral,,Anastrozole 1 mg Tablet (generic; NADAC across 21 NDCs),per tablet,0.14163,pharmacy,NADAC per unit,NADAC 2026 (as_of_date 2026-09-23),https://download.medicaid.gov/data/nadac-national-average-drug-acquisition-cost-09-23-2026.csv,NADAC effective 2026-09-23 (as_of 2026-09-23)
letrozole_2_5mg_nadac,drug_oral,,Letrozole 2.5 mg Tablet (generic; NADAC across 14 NDCs),per tablet,0.14498,pharmacy,NADAC per unit,NADAC 2026 (as_of_date 2026-09-23),https://download.medicaid.gov/data/nadac-national-average-drug-acquisition-cost-09-23-2026.csv,NADAC effective 2026-09-23 (as_of 2026-09-23)
exemestane_25mg_nadac,drug_oral,,Exemestane 25 mg Tablet (generic; NADAC across 9 NDCs),per tablet,0.74782,pharmacy,NADAC per unit,NADAC 2026 (as_of_date 2026-09-23),https://download.medicaid.gov/data/nadac-national-average-drug-acquisition-cost-09-23-2026.csv,NADAC effective 2026-09-23 (as_of 2026-09-23)
capecitabine_500mg_nadac,drug_oral,,Capecitabine 500 mg Tablet (generic; NADAC across 17 NDCs),per tablet,0.45556,pharmacy,NADAC per unit,NADAC 2026 (as_of_date 2026-09-23),https://download.medicaid.gov/data/nadac-national-average-drug-acquisition-cost-09-23-2026.csv,NADAC effective 2026-09-23 (as_of 2026-09-23)
